-- data.sql for Library Management System

INSERT INTO Books (Book_Id, Title, Author, Category, Available_copies) VALUES
(1,'DBMS','Korth','Computer',5),
(2,'Java Basics','Schildt','Programming',4),
(3,'Python Guide','Lutz','Programming',6),
(4,'C Programming','Kernighan','Programming',3),
(5,'Data Struct','Lafore','Computer',7),
(6,'Networks','Tanenbaum','Computer',4),
(7,'OS Concepts','Galvin','Computer',5),
(8,'AI Basics','Russell','AI',2),
(9,'ML Intro','Mitchell','AI',3),
(10,'HTML Guide','Freeman','Web',8),
(11,'Book11','Author11','General',5),
(12,'Book12','Author12','General',6),
(13,'Book13','Author13','General',7),
(14,'Book14','Author14','General',1),
(15,'Book15','Author15','General',2),
(16,'Book16','Author16','General',3),
(17,'Book17','Author17','General',4),
(18,'Book18','Author18','General',5),
(19,'Book19','Author19','General',6),
(20,'Book20','Author20','General',7),
(21,'Book21','Author21','General',1),
(22,'Book22','Author22','General',2),
(23,'Book23','Author23','General',3),
(24,'Book24','Author24','General',4),
(25,'Book25','Author25','General',5),
(26,'Book26','Author26','General',6),
(27,'Book27','Author27','General',7),
(28,'Book28','Author28','General',1),
(29,'Book29','Author29','General',2),
(30,'Book30','Author30','General',3),
(31,'Book31','Author31','General',4),
(32,'Book32','Author32','General',5),
(33,'Book33','Author33','General',6),
(34,'Book34','Author34','General',7),
(35,'Book35','Author35','General',1),
(36,'Book36','Author36','General',2),
(37,'Book37','Author37','General',3),
(38,'Book38','Author38','General',4),
(39,'Book39','Author39','General',5),
(40,'Book40','Author40','General',6);

INSERT INTO Members (Member_id, Member_name, Department, Phone, Email_id) VALUES
(1,'Member1','BSc CS','9876543001','m1@mail.com'),
(2,'Member2','BSc CS','9876543002','m2@mail.com'),
(3,'Member3','BSc CS','9876543003','m3@mail.com'),
(4,'Member4','BSc CS','9876543004','m4@mail.com'),
(5,'Member5','BSc CS','9876543005','m5@mail.com'),
(6,'Member6','BSc CS','9876543006','m6@mail.com'),
(7,'Member7','BSc CS','9876543007','m7@mail.com'),
(8,'Member8','BSc CS','9876543008','m8@mail.com'),
(9,'Member9','BSc CS','9876543009','m9@mail.com'),
(10,'Member10','BSc CS','9876543010','m10@mail.com'),
(11,'Member11','BSc CS','9876543011','m11@mail.com'),
(12,'Member12','BSc CS','9876543012','m12@mail.com'),
(13,'Member13','BSc CS','9876543013','m13@mail.com'),
(14,'Member14','BSc CS','9876543014','m14@mail.com'),
(15,'Member15','BSc CS','9876543015','m15@mail.com'),
(16,'Member16','BSc CS','9876543016','m16@mail.com'),
(17,'Member17','BSc CS','9876543017','m17@mail.com'),
(18,'Member18','BSc CS','9876543018','m18@mail.com'),
(19,'Member19','BSc CS','9876543019','m19@mail.com'),
(20,'Member20','BSc CS','9876543020','m20@mail.com'),
(21,'Member21','BSc CS','9876543021','m21@mail.com'),
(22,'Member22','BSc CS','9876543022','m22@mail.com'),
(23,'Member23','BSc CS','9876543023','m23@mail.com'),
(24,'Member24','BSc CS','9876543024','m24@mail.com'),
(25,'Member25','BSc CS','9876543025','m25@mail.com');

INSERT INTO Librarians (Librarian_id, Librarian_name, Phone, Email) VALUES
(1,'Librarian1','9876500001','lib1@mail.com'),
(2,'Librarian2','9876500002','lib2@mail.com'),
(3,'Librarian3','9876500003','lib3@mail.com'),
(4,'Librarian4','9876500004','lib4@mail.com'),
(5,'Librarian5','9876500005','lib5@mail.com');

INSERT INTO Book_Issue (book_id, member_id, issue_date, due_date) VALUES
(1,1,'2026-05-01','2026-05-15'),
(2,2,'2026-05-02','2026-05-16'),
(3,3,'2026-05-03','2026-05-17'),
(4,4,'2026-05-04','2026-05-18'),
(5,5,'2026-05-05','2026-05-19'),
(6,6,'2026-05-06','2026-05-20'),
(7,7,'2026-05-07','2026-05-21'),
(8,8,'2026-05-08','2026-05-22'),
(9,9,'2026-05-09','2026-05-23'),
(10,10,'2026-05-10','2026-05-24'),
(11,11,'2026-05-11','2026-05-25'),
(12,12,'2026-05-12','2026-05-26'),
(13,13,'2026-05-13','2026-05-27'),
(14,14,'2026-05-14','2026-05-28'),
(15,15,'2026-05-15','2026-05-29'),
(16,16,'2026-05-16','2026-05-30'),
(17,17,'2026-05-17','2026-05-31'),
(18,18,'2026-05-18','2026-06-01'),
(19,19,'2026-05-19','2026-06-02'),
(20,20,'2026-05-20','2026-06-03'),
(21,21,'2026-05-21','2026-06-04'),
(22,22,'2026-05-22','2026-06-05'),
(23,23,'2026-05-23','2026-06-06'),
(24,24,'2026-05-24','2026-06-07'),
(25,25,'2026-05-25','2026-06-08'),
(26,1,'2026-05-26','2026-06-09'),
(27,2,'2026-05-27','2026-06-10'),
(28,3,'2026-05-28','2026-06-11'),
(29,4,'2026-05-29','2026-06-12'),
(30,5,'2026-05-30','2026-06-13'),
(31,6,'2026-05-31','2026-06-14'),
(32,7,'2026-06-01','2026-06-15'),
(33,8,'2026-06-02','2026-06-16'),
(34,9,'2026-06-03','2026-06-17'),
(35,10,'2026-06-04','2026-06-18'),
(36,11,'2026-06-05','2026-06-19'),
(37,12,'2026-06-06','2026-06-20'),
(38,13,'2026-06-07','2026-06-21'),
(39,14,'2026-06-08','2026-06-22'),
(40,15,'2026-06-09','2026-06-23'),
(1,16,'2026-06-10','2026-06-24'),
(2,17,'2026-06-11','2026-06-25'),
(3,18,'2026-06-12','2026-06-26'),
(4,19,'2026-06-13','2026-06-27'),
(5,20,'2026-06-14','2026-06-28'),
(6,21,'2026-06-15','2026-06-29'),
(7,22,'2026-06-16','2026-06-30'),
(8,23,'2026-06-17','2026-07-01'),
(9,24,'2026-06-18','2026-07-02'),
(10,25,'2026-06-19','2026-07-03');

INSERT INTO Book_Return (issue_id, return_date, fine_amount) VALUES
(1,'2026-05-15',0.00),
(2,'2026-05-17',10.00),
(3,'2026-05-19',0.00),
(4,'2026-05-18',20.00),
(5,'2026-05-20',0.00),
(6,'2026-05-22',5.00),
(7,'2026-05-21',0.00),
(8,'2026-05-23',15.00),
(9,'2026-05-25',0.00),
(10,'2026-05-24',25.00),
(11,'2026-05-26',0.00),
(12,'2026-05-28',10.00),
(13,'2026-05-27',0.00),
(14,'2026-05-29',20.00),
(15,'2026-05-31',0.00),
(16,'2026-05-30',5.00),
(17,'2026-06-01',0.00),
(18,'2026-06-03',15.00),
(19,'2026-06-02',0.00),
(20,'2026-06-04',25.00),
(21,'2026-06-06',0.00),
(22,'2026-06-05',10.00),
(23,'2026-06-07',0.00),
(24,'2026-06-09',20.00),
(25,'2026-06-08',0.00),
(26,'2026-06-10',5.00),
(27,'2026-06-12',0.00),
(28,'2026-06-11',15.00),
(29,'2026-06-13',0.00),
(30,'2026-06-15',25.00),
(31,'2026-06-14',0.00),
(32,'2026-06-16',10.00),
(33,'2026-06-18',0.00),
(34,'2026-06-17',20.00),
(35,'2026-06-19',0.00),
(36,'2026-06-21',5.00),
(37,'2026-06-20',0.00),
(38,'2026-06-22',15.00),
(39,'2026-06-24',0.00),
(40,'2026-06-23',25.00);
